https://www.pieces.com/fr/fr/pc/pret-a-porter/tops/tops-sans-manches/?start=0&sz=120,https://www.pieces.com/fr/fr/pc/pret-a-porter/tops/tops-sans-manches/modal-melange-debardeur-17100687.html?cgid=pc-sleeveless-tops&dwvar_colorPattern=17100687_BrightWhite,femme,top,tops-sans-manches
https://www.pieces.com/fr/fr/pc/pret-a-porter/tops/tops-manches-courtes/?start=0&sz=260,,femme,top,Tops-manches-courtes
https://www.pieces.com/fr/fr/pc/pret-a-porter/tops/t-shirts/?start=0&sz=200,,femme,T-shirt,
https://www.pieces.com/fr/fr/pc/pret-a-porter/tops/tops-manches-longues/?start=0&sz=200,,femme,top,Tops-manches-longues
https://www.pieces.com/fr/fr/pc/pret-a-porter/tops/chemises/,,femme,chemisier,
https://www.pieces.com/fr/fr/pc/pret-a-porter/tops/body/,,femme,body,
https://www.pieces.com/fr/fr/pc/pret-a-porter/robes/robes-a-fleurs/?start=0&sz=120,,femme,robe,Robes-a-fleur
https://www.pieces.com/fr/fr/pc/pret-a-porter/robes/robes-en-popeline/,,femme,robe,Robes-en-popeline
https://www.pieces.com/fr/fr/pc/pret-a-porter/robes/robes-decontractees/?start=0&sz=200,,femme,robe,Robes-decontractees
https://www.pieces.com/fr/fr/pc/pret-a-porter/robes/robes-courtes/?start=0&sz=120,,femme,robe,Robes-courtes
https://www.pieces.com/fr/fr/pc/pret-a-porter/robes/robes-mi-longues/?start=0&sz=300,,femme,robe,Robes-mi-longues
https://www.pieces.com/fr/fr/pc/pret-a-porter/robes/robes-longues/,,femme,robe,Robes-longues
https://www.pieces.com/fr/fr/pc/pret-a-porter/denim/jeans-taille-haute/,,femme,jean,Jeans-taille-haute
https://www.pieces.com/fr/fr/pc/pret-a-porter/denim/mid-waist-jeans/,,femme,jean,Mid-waist-jeans
https://www.pieces.com/fr/fr/pc/pret-a-porter/denim/mom-jeans/,,femme,jean,Mom-jeans
https://www.pieces.com/fr/fr/pc/pret-a-porter/denim/skinny-leg/,,femme,jean,Skinny-leg
https://www.pieces.com/fr/fr/pc/pret-a-porter/denim/wide-leg/,,femme,jean,Wide-leg
https://www.pieces.com/fr/fr/pc/pret-a-porter/jupes/?start=0&sz=120,,femme,jupe,
https://www.pieces.com/fr/fr/pc/pret-a-porter/pulls/pulls/?start=0&sz=120,,femme,pull,pull
https://www.pieces.com/fr/fr/pc/pret-a-porter/pulls/cardigans/,,femme,gilet,cardigan
https://www.pieces.com/fr/fr/pc/pret-a-porter/blazers-and-kimonos/,,femme,blazer,
https://www.pieces.com/fr/fr/pc/pret-a-porter/leggings-and-pantalons/?start=0&sz=100,,femme,legging,
https://www.pieces.com/fr/fr/pc/pret-a-porter/combinaisons/,,femme,combinaison,
https://www.pieces.com/fr/fr/pc/pret-a-porter/shorts/,,femme,short,
https://www.pieces.com/fr/fr/pc/pret-a-porter/maillots-de-bain/swimwear/?start=0&sz=120,,femme,maillot,swimwear
https://www.pieces.com/fr/fr/pc/pret-a-porter/lingerie/,,femme,lingerie,
https://www.pieces.com/fr/fr/pc/sacs/sacs-a-main-and-sacs-bandouliere/,,femme,sac,
https://www.pieces.com/fr/fr/pc/sacs/cabas/,,femme,sac,
https://www.pieces.com/fr/fr/pc/accessoires/bijoux/?start=0&sz=200,,femme,bijoux,
https://www.pieces.com/fr/fr/pc/accessoires/ceintures/?start=0&sz=120,,femme,ceinture,
https://www.pieces.com/fr/fr/pc/accessoires/echarpes-and-foulards/?start=0&sz=120,,femme,echarpe,
https://www.pieces.com/fr/fr/pc/accessoires/bonnets-and-gants/,,femme,bonnet,
https://www.pieces.com/fr/fr/pc/accessoires/chaussettes-and-collants/,,femme,chaussette,
https://www.pieces.com/fr/fr/pc/chaussures/?start=0&sz=120,,femme,chaussures,
https://www.pieces.com/fr/fr/pc/pret-a-porter/manteaux-and-vestes/?start=0&sz=100,,femme,veste,
