https://www.jadium.fr/15-homme,https://www.jadium.fr/bracelets/135-wilmington-skull-long.html
https://www.cigoire.com/univers/mode/mode-homme/,https://www.cigoire.com/produit/foulard-vue-sur-rue/
https://www.jaqk-store.com/fr/67-t-shirts-polos,https://www.jaqk-store.com/fr/t-shirts-polos/2694-12062-polo-after-indigo.html#/21-taille-s/130-couleur-paille
https://www.basalt.fr/collections/hommes,https://www.basalt.fr/collections/hommes/products/national-standard-edition-3-black-carta
https://www.motoblouz.com/achat-equipement-motard-blouson-et-veste-5707.html,https://www.motoblouz.com/vente-casque-dexter-izoard-2-171102.html
https://www.tikamoon.com/cat-meuble-sous-vasque-329.htm,https://www.tikamoon.com/art-meuble-salle-de-bain-suspendu-teck-95-basic-1777.htm
https://boutique.guydemarle.com/56-machine-sous-vide-sans-sac,https://boutique.guydemarle.com/decoupe/994-coupe-pomme.html
https://www.serie-noire.com/fr/1158-homme,https://www.serie-noire.com/fr/ami-paris-homme/6927-18753-ami-sweat-capuche-gros-patch-coeur-poitrine.html#/96-taille-m/139-couleur-rouge
https://www.imparfaiteparis.com/shop/filters/price/:50/,https://www.imparfaiteparis.com/produit/blazer-lolita-lempicka-3/
https://www.jimmyfairly.com/collections/homme,https://www.jimmyfairly.com/products/c1-p39s-h-taylor?pr_prod_strat=copurchase&pr_rec_pid=4312509153331&pr_ref_pid=4556440141875&pr_seq=uniform
